question_id,answer,p,r
acd74206-37dc-4756-94a8-b99a395d9a21,c,b,[14 48 12 95 67]
f546a74f-54de-40d0-9d88-8b0e30467d7b,d,d,[175 122 165  38  45]
b3588797-acdf-40d3-bcc5-951f81896f95,a,a,[ 38  27  25  42 174]
5370f186-0028-41f4-b436-c48575899fca,b,a,[101 149 118  59  68]
a40d5f67-8ec6-480b-a901-9709eecee9b9,d,a,[ 26  29  22 105  98]
6142fba4-a233-405a-a4fe-a5b2e27374a7,c,c,[168  29  27  28 159]
2cef53ac-c165-41b5-a31f-c3064106471f,a,a,[158  27  29  41  40]
4afc48ca-e6a7-4467-abd2-911915199315,a,d,[ 29  27  28 167 159]
defecce2-ff39-438e-ae41-90f3bcf9cb48,b,b,[ 62 163  53  11  12]
fd81b480-5723-43fe-9fb1-d3efa0df8e49,b,d,[14 48 12 95 67]
60023d63-4f11-47dc-8cef-82e3ca665a68,a,a,[130 151 120  38  45]
c8a763a5-a7ae-4047-b1cf-f17204fd1f7d,b,b,[ 38  27  25  42 129]
ce9c7c39-c600-4971-9a7d-51a46e6c915c,b,a,[101 178 147  59  68]
217481b7-ad97-45d8-988f-abb3f9cf9b34,c,a,[ 26  29  22 105  98]
b4812983-2c33-48ae-8955-1a19f78f7f54,b,b,[110  86  95 111  61]
344ea859-e70d-48d2-8a97-7b68a104c6ae,a,a,[ 66  96 119 112  69]
c6d22f3d-282f-4e11-b9fd-39e2a687ef18,a,a,[28 87 88 61 29]
c2d3daad-6d3b-4852-8830-39f830f6cd01,b,b,[ 63   1  28 149  64]
96589b76-f0fa-4214-a110-c6f13ef15e83,b,b,[ 15  72   1 150  52]
2b3ce0bd-d0c2-48e3-8cd8-564905e9fe64,c,a,[ 37  83 162  52   1]
b449e614-d27f-4df4-9fb2-b4726a3423d8,b,b,[ 53  33  32 121  25]
3952f3c2-d810-4fd9-a461-8753406142a3,a,a,[ 53  33  32 121  25]
d71b360e-da59-480b-823e-a83e8c320b9c,c,a,[ 42  63 149 139  64]
7957ef21-86bb-4641-8a06-4ee2272f1c32,d,d,[ 42  63 149 139  64]
7a4ed201-4f7e-4d9c-a3f3-c5a2b8d424b3,c,b,[ 89  21 147  72  90]
afd724f4-8174-48d7-b9cd-34421c581550,b,a,[162 163  68   8   7]
32b03409-0710-4afd-89c1-9af72c339b4c,d,b,[ 63  64  39 168 140]
346a304a-4371-46ac-a8f7-021f25812b52,c,a,[146  90 155   7  98]
848b2923-33da-4ebc-86b5-e70374311fd2,c,c,[150  72  44  15  70]
221c8369-8ac4-447e-a13c-6088536f9abf,d,c,[162  55  56  57 153]
08814cb2-99dc-441d-b93b-8dcadf7f4859,b,b,[168  76  28  51  94]
7028667b-f2aa-4e22-a2e3-2bb97f3d9605,d,d,[26 50 27 79 78]
1da9453e-94f6-4e6d-9ae4-b7481217fdd1,a,c,[72 44 15 52 70]
0d49fda3-d417-4a47-9d8d-f6000ffa8097,c,c,[59  3  1  4 60]
4ca0a992-6743-4369-95b6-920712f8ef8b,c,d,[61 17 62 18 86]
f04613eb-8eff-4a4c-a191-d2574c87e67b,c,a,[ 55  56  57  68 153]
002e8df3-cebf-4197-8c16-cb834cc13aef,c,a,[76 28 51 38 94]
d90cadc8-e635-462b-8251-7f8a10734376,d,d,[ 63   1  28 104  64]
07873ceb-93a3-45fe-9f72-b0c57fd95802,a,a,[ 15  72   1 105  52]
6c4bc600-04c0-41be-841a-a1e149edd522,d,a,[ 37  83 117  52   1]
833601fa-de95-4fed-91d6-c9f45d778c84,c,c,[ 53  33  32  25 113]
aa2c7800-7f7d-401b-acfa-9af67910f9f7,d,d,[ 53  33  32  25 113]
2a69f556-c093-4bc3-aa4a-a5acaaec3801,c,a,[159  42  63 104 158]
c7c87a80-78e5-47d8-a068-2bfd244868f1,b,d,[159  42  63 104 158]
cffc32b7-fa14-457f-ac4f-9c060bf2aee1,b,b,[ 89  21 102 125  72]
856b5927-8865-4bb5-b1ac-38f965024508,a,c,[117 118  68   8   7]
66ce550d-37a1-43e5-ab56-0b6864d8cbaf,b,a,[159 130 128 129 127]
34e7e867-7730-4bb9-9dcf-bc5a93389b3a,c,a,[137 135 128 101  90]
08430f6d-ada1-46a7-8f15-ddc466ba8a5b,b,b,[ 89  78  49 135  26]
394bc68d-a4b3-415c-a7d9-6b367fe44e25,c,c,[102  89  21 104 125]
f7be271f-8ee6-4250-ba76-2a72e50623fc,b,d,[156  37  36 118 117]
e3d97461-ec4b-471f-a3f3-e595fdba27e5,d,d,[107 130  76 131 106]
9c209ff7-a6a8-48d8-ab38-e0b8aa2aaef7,d,b,[  3   4  44 158 146]
945fb104-45bd-457f-a9a8-19620159e47d,c,b,[69  3 70 44 56]
d3767473-d464-42c1-9ead-7a61d922f120,a,b,[ 46 114  23 115  47]
a966820a-8b42-4ec9-8427-958468f98d3b,a,d,[48 23 46 24 47]
b51ec779-8dcc-4cef-860e-d9c3a6c622a6,b,a,[52 74 11 89 53]
0a2a9eea-f552-4b6c-a224-4c499e158bbf,c,c,[ 94  95  46 100 112]
d4562a36-f9aa-4dcb-9033-434e5a1a4535,a,a,[140  58  59  71  28]
49d46938-6c90-41e0-b16b-b81e626bec0e,b,b,[144  62  64  63   7]
bd08c0d8-fd79-408f-8014-90f0f1f4e890,b,b,[148  87  17  19  60]
17273334-b524-4398-baae-bfb459f149e0,c,a,[156  21  75  54  55]
5547721c-f72d-41cf-bfb5-65757d11807b,b,b,[59 58 28 72 71]
5e785751-2e80-460f-8a43-061f1ed9614e,a,a,[62 63 64 65  7]
daf0858c-cc77-4427-99bb-a5cd9e229688,c,c,[87 17 19 18 60]
bb0462d3-2527-4ed2-ac75-2869d57c851c,d,d,[50 89 52 51 53]
a343bbd4-e356-41e0-886c-663304809410,c,a,[21 22 55 75 54]
8f6defba-992d-45f1-9a7d-dded76e6e5d5,d,c,[  3   4  44 147 135]
0874afed-abd8-485c-b509-c06843a937cc,d,c,[104   3 105  44  56]
e79df41d-f6bb-43e5-acbd-b8cd732bac98,a,d,[ 46 172  23 173  47]
9f8314e7-1429-4dc8-89d9-13ee94201379,d,d,[48 23 46 24 47]
c780b296-860d-4032-8580-154286255c00,b,a,[ 52 109 148  11 124]
5b19b568-0c8f-43ac-8fdc-7f0ce67604e5,d,d,[129 127 104 106  52]
24a0c4fd-b363-46ac-aae6-bfb23ef5e759,c,a,[131 132  44  29   5]
eb59980c-508c-4963-96d4-27ecf3c12b04,c,b,[ 15 150 164 154 151]
bfbfeca4-9d35-46c3-9f25-fac27c44b0f1,a,a,[ 44  21   4   3 145]
8823918d-36cc-4caa-87f7-075f846a0be5,d,b,[106  27 107  28 139]
0e5d627f-9f3e-4870-9943-196ae3ce59c9,a,a,[  3   4   6  68 143]
53bb55a3-2ca8-4ab5-a590-f8b68f491128,b,a,[ 13  11  14 192 191]
f8edd318-d6b7-4943-a60c-c02e54f203d3,d,d,[ 58  50 207 210 192]
fe2e91a8-fd23-4ea7-a3f1-722a0396712d,c,b,[ 5 57 64 48 14]
b8e89a15-dbb5-4309-868a-3755bcb6b5da,a,b,[150 201 169  81 188]
6ea0364f-7aab-4342-ada2-383eea15cb5b,a,a,[193  62  66  85  65]
a53dba76-2124-4083-9e61-d822ce4ce096,b,b,[195 193  69  11  86]
b6b02fef-10f1-444b-beb6-178ccbe55001,c,c,[203  79   9  25 143]
dbbd6663-a17f-4b84-8579-6d39ad99c738,a,a,[211  55 209  19  58]
ac681d8e-d3da-4f5c-93c1-46443fc77de9,b,a,[62 65 66 86 85]
c0cabd9b-7aa1-4893-bada-aed1c9f3c24c,b,a,[ 69 193  86  14  65]
645b4647-5c04-47e3-a7e6-b3987fdb6a12,c,a,[ 39  91  69 195  13]
d23ab70b-c037-44ae-95a8-f4ad0ad9e73b,b,b,[171  29  46  23 198]
ca958afd-7fb1-497b-9234-735115cc3813,a,a,[ 81  44  45  83 150]
56fb1ba3-55fa-41a9-b638-28622623534b,c,c,[ 79   9 143  25  23]
bdeba04a-c530-4d9f-8f1c-b28ef539cd37,d,a,[ 55 209  19  58  59]
89ba47ad-caf3-490b-85f4-c1ef0f888cbf,d,d,[  3   4 130   6  68]
3e94a3d2-3b81-4e80-a013-32a6856edf72,b,a,[13 11 14 97 96]
2eb97916-b63b-46a1-8b9c-b3806962eb2c,d,d,[ 58  50 112 115  97]
f861c1ff-df77-47fe-98b7-aa5b4f5c50c1,b,a,[ 5 57 64 48 14]
93986f1c-0b49-4703-b42c-e3e03e85f66c,c,a,[117  97  11  13  12]
2886f3ad-970c-42b5-a08a-4b0ebabd0415,a,c,[65 33 25 62 66]
72b88202-c053-4bf6-a2f5-74c3dc202232,d,a,[105  29  32  73  45]
6e420bd9-752a-4a98-a6a2-1ffe8df80a7f,d,a,[40 94 93 42 91]
2423674e-5d00-485d-a4a3-8793b9712c7b,a,d,[44 17 45 59 58]
7aac7481-e0a2-4d04-b1ca-f921c75eaea2,a,a,[  3   6   4 124  10]
271aa33d-1ea3-4cf2-97d2-78b7d23a58cb,c,a,[154 155  54 124  27]
d0ac9ffe-0e45-43e2-8f5b-01f86f14862e,b,a,[ 15  94  48 157 150]
ef58fe32-4af7-4868-b429-e0bdb1d04133,c,a,[ 51  50 152  24  78]
d80ee643-8c12-408a-8198-ef5dc96e5f60,a,a,[ 51  50 152  24  78]
e870342f-b57c-4469-b5b6-0b97cd3385ce,b,b,[ 21  22  88  34 164]
a5f2c2cd-54d5-471b-8585-ee0470dbe7e5,b,a,[ 21  58 166  22  52]
fab91041-4ce8-4082-9057-208230e3b410,c,a,[ 75  15  48  26 125]
041f9935-dc59-48ae-bf1e-722637bd5af5,b,b,[ 75  15  48  26 125]
125bfe37-0589-4c4e-879d-3409857a2053,a,d,[46 47 72 27 95]
fcad8bb2-fcd3-4019-bec0-b8f6c4bcd1b1,c,a,[ 60  61 148 158   2]
78000568-f3a3-4cad-a923-c5b99366e4b5,d,b,[150   4 149 156   3]
0d2259ae-1432-46a9-81e7-e3b3e3be5cc9,c,c,[ 93  94 112  95  98]
89393cad-6d64-438d-a897-d0784d7eb3b1,b,b,[111 112  93  95  99]
750e5313-939d-4229-9c36-1101c33b36b0,d,d,[151  31  50   1  56]
67bec3f4-df73-4dbe-9dc2-74be96ebc51c,c,c,[160  77  52  53  97]
5306bf92-97e1-4abb-a4e9-c20c3dbc2a33,c,c,[164   7  88   8  89]
5707eaf2-da2a-4ab2-96a8-048eec7e5d06,d,a,[31 50  1 56 32]
9592f158-a1a2-48d4-8505-d14f65745900,b,b,[117 118  96  72 113]
05ccbf01-5087-49bb-91e4-d8a6d6f85971,d,d,[35 36 25 74 48]
65b594bf-29eb-40da-859b-ff7b6eadb1ec,a,a,[77 52 53 97 78]
8a9b6111-b02d-4b1c-91c6-709dce04ed32,c,d,[  7  88   8  89 160]
40d94e80-9557-48dc-9101-1cc6c12486a9,b,b,[ 15  77  48 150  80]
59251abf-fbe1-4c67-9934-1595ac87d0d4,d,b,[ 51  50 145  24 125]
22a34129-e3f7-4f23-ba8d-f65488535837,c,c,[ 51  50 145  24 125]
3a785b51-234f-40c5-aac9-58c3a9a47333,c,c,[ 21  22 135  34 157]
e12b0c88-fa61-410f-acd7-2cfeda5a365a,a,d,[ 21  58 159  22  52]
384780f3-0521-4533-ac91-c02c828558ba,d,a,[122  15  48 102 108]
09575047-a54e-42fe-a649-468917e3934b,d,d,[122  15  48 102 108]
f962c668-b7ea-4270-9ed3-ffe537b606de,a,b,[ 46  47 119  27 116]
429813e9-49b8-478a-91b1-a4123f650adc,a,a,[ 60  61 141 151   2]
40152bdb-d02c-4453-9129-ba27ce51bb92,c,b,[143   4 142 149   3]
3a8c2fed-7278-4c1b-b6a1-f9a388c83dd3,b,b,[144  31  50   1  56]
70df2ae0-bbf9-4417-9b92-eeab8b37f398,b,b,[153 124  52  53 126]
84c1f97e-5425-4e36-a536-8a558d51083c,a,a,[157   7 135   8 136]
d0a587cb-1cdb-4da8-a1d9-0da95ea20692,a,a,[31 50  1 56 32]
9492b5c4-d599-44bf-841b-984df1980afb,a,a,[119  27 116  55 118]
5117e665-5204-44ae-9946-0c984965c04e,d,d,[ 35  36  93 105  25]
505211c2-1447-48b7-8996-216cbb7074cc,a,a,[124  52  53 125   7]
565d9692-1304-4f6e-b972-9a45acab7526,d,d,[  7 135   8 136 153]
8d59e794-0543-428a-983c-314e5fbafa1c,a,a,[47 27 48 13 63]
ba0bfd50-a1f2-40ea-8d43-168771beae1e,a,a,[82 81 47 13 48]
2bc21867-0902-43e7-b186-6203fc477d93,b,b,[65 42 43 66 41]
87241969-a1c4-47d7-a4d0-3308f9ca481f,c,a,[ 3  4 55 85  2]
e097c88d-64d2-49ba-9577-7920d02fad59,a,c,[ 3  4 55 85  2]
d06f511a-0fd8-4ee0-8c35-fd3a87fd35ec,b,c,[ 88 195 206  79   3]
80cae57b-3f24-444b-b39c-8fae39e7ca68,b,b,[199   4  36  78  71]
3903b4e6-b412-4900-b435-5a4d4b955d1b,c,c,[75 20 19 76 69]
76023b41-59fc-4281-8923-1cf482bde3a1,b,b,[191  21  20 192  22]
23fb53b4-8baf-4da6-98a3-20e52ff2ab6e,a,a,[193  17  18  77  36]
d3cd52cc-ccdb-4131-813b-e49a7e1179a9,c,c,[197  23  33  24  51]
62993163-e56f-4366-9966-a4a9fe6e4ec1,d,d,[203  83  25  26  49]
8b43e847-78ca-408d-b90d-926c75b66c24,c,c,[17 18 77 36 70]
32cc4279-77fc-447f-95aa-b3a394d16ef3,b,b,[23 24 33 51 37]
ead3e803-ac45-4c5d-a76e-014f906ff0f6,d,d,[ 71  77  72  35 193]
02ef23df-c3ee-4ca4-9580-eec1144cf2e9,c,a,[83 25 26 49 84]
229ccded-6125-490e-9695-e6869d5049b2,a,d,[47 27 48 13 63]
6cacb235-3562-4414-a34d-a8ec14ee1811,d,d,[130 129  47  13  48]
4584bcf9-fc47-4873-b0ae-5b5f804b20b8,d,a,[65 42 43 66 41]
6c67f424-e429-4b61-b37d-3ae1fefc0386,a,b,[  3   4  55 133   2]
9ebf5bf6-1632-410b-974a-20995654077c,d,c,[  3   4  55 133   2]
7983f1b5-bd7d-456a-b2ea-2bbefc320507,b,c,[136 147 158 127   3]
ff9ba1de-07d6-4240-aa4f-dd0989951808,d,d,[151   4  36 126 119]
d43bdf34-9dfb-4792-8e76-6b5780633457,c,a,[123  20  19 124 117]
c2a1dab2-d6b6-4d30-bf55-bb7d1467e923,c,a,[143  21  20 144  22]
27b61c09-e5ab-4d00-b395-eea8ee619b70,a,a,[145  17  18 125  36]
63891dab-5f6d-41ce-9909-9a2a9d7009c2,d,d,[149  23  33  24  51]
950f4a03-fb59-428b-8c32-2b4a591cd29b,d,d,[155 131  25  26  49]
4fdef36f-ebfb-4983-9a6a-9992985d4a47,a,b,[ 17  18 125  36 118]
58257829-bdae-4d88-a71f-d866a179c243,a,a,[23 24 33 51 37]
d3c87d0b-b8e9-4ad3-80dd-440da22899ec,c,c,[119 125 120  35 145]
2c7661cc-4a9f-4520-932b-46ec48f122c5,b,a,[131  25  26  49 132]
e6ee8c1b-b4bf-4b6f-bb5b-273a7066f94b,a,a,[ 3 72 71 82 67]
6310b525-6051-4cba-9e7e-638b3eba935f,b,b,[  4   7  51 144  81]
08eb771b-47e2-434a-bea3-7ee96b6948c2,b,b,[24 23 73 26 74]
e65899d6-4bcb-4534-9e06-50d3da9bb47a,c,b,[ 46  23 149  44   1]
b08169cb-e02a-4cfa-bfd5-182c6fed3139,b,b,[ 96 116  74  42 103]
da01953c-12f8-4b4c-81ec-2efbde72162f,a,d,[ 96 116  74  42 103]
3158e226-c4dd-45ce-8194-ea935cf08555,c,c,[33 55 54 19  1]
00a0d533-5f7b-4970-b264-875f0d5e5912,d,b,[ 69  25  70  26 112]
0adf58d8-c519-406c-9f58-f298060d404d,c,c,[ 12  11  65  67 130]
e71931f6-5626-4996-9800-fe51564680f4,b,d,[84 71  3 67 72]
0a90b38b-9bdf-437b-a4ee-fb671162c430,d,c,[ 64  44 129  67  52]
43d42352-b165-4ec5-a1c5-11803e793833,c,c,[  1  67  44 129 148]
7b675c87-19db-4124-8583-b1666a332284,c,b,[ 88  89 118  94  92]
f740d2d7-3cec-4568-824c-95164aff05f3,d,d,[ 90  91  94  97 104]
2aa34e34-c074-4d1d-8bf0-f45716dbfd53,b,b,[ 99 107  98  93 103]
4906e212-1279-4f04-8f19-27e3a23c5adc,d,d,[131  37  81  41  38]
9e935fd2-56ab-41c5-b74a-e5b995435289,a,a,[141  85  67  84  39]
cdfbd63d-4199-4b39-9a98-bdeef49d6c5d,c,b,[37 81 41 83 38]
26e1084c-2235-4dd6-9637-4f7b8990ac37,c,c,[ 46  52  21  47 129]
10920f3b-f672-4d7f-89ad-2fe1f63d7151,c,c,[ 73  27  41 131  64]
0db82c52-bb20-49ae-87ca-abdafbe767a1,c,b,[85 84 67 39 46]
46e58937-d73e-4d8e-b0ff-e6cded31c6a8,a,a,[  1 137  20  19  67]
aee66382-5cc9-401d-9963-fc71bc8e9278,d,d,[ 72  71 131   6 145]
2406adc4-181d-4023-96a1-7afbb949761e,a,a,[ 3 72 71 82 67]
01e1ea0a-c204-4df9-92d0-2c19bc9c0714,d,a,[  4   7  51 103  81]
259ba9ef-518f-45b9-a8b3-a25ddc9f2e93,c,b,[24 23 73 26 74]
3f296614-1dfa-49fe-af43-6f39327fe20a,d,b,[ 46  23 108  44   1]
436e377a-98ba-44fc-809c-1743bbf4e033,c,a,[119 139  74  42 126]
ae306d03-65ea-4744-b119-38b0eaf0b862,b,a,[119 139  74  42 126]
2bfdcdc8-1052-4c38-902f-1a023d41509d,b,b,[33 55 54 19  1]
b35349e0-993b-452a-bb5e-67668833b39b,a,b,[ 69  25  70  26 135]
cd81feb9-3f8f-4f10-b187-a6824b4effcd,b,b,[12 11 65 67 89]
aa359f37-2eb6-4604-a3e5-07a066de210d,c,d,[84 71  3 67 72]
a719edb3-a43f-4792-b820-fb45293c4e19,b,b,[64 44 88 67 52]
7cab425e-da59-433d-916f-03ea3d1a4f76,c,c,[  1  67  44  88 107]
e0750f28-3c10-41f1-a017-a7a0a18079df,b,a,[88 56 52 45 67]
d0e15e11-6768-4cb6-825a-1deee7ba5e29,d,d,[ 81  67 108  84 107]
8e7408fb-a837-4eb4-9426-a39ff3e27943,d,a,[92 93 15 79 44]
fe0aa9a2-d28f-40ee-bb7c-cd90fe8ee55b,d,c,[ 73  74 116 105  44]
b502d7dc-2345-41a3-8a22-0fb9ff719c9e,c,c,[90 67 81 37 91]
2b969ce1-cf22-4f80-af89-f42e57ad7c49,a,b,[  3 186 112 113 114]
7c339c29-79db-4ec4-85f1-a11dae5dbdf4,b,b,[  5   6 112 113   3]
18f3405b-f1bb-4562-acc2-8ff340b3f9f0,c,a,[ 56 120  46  58  43]
35dae3c4-7bd6-4f65-af6e-747d7d326556,a,a,[72 32 18 82 76]
8a0ef305-5241-45fe-aa84-e37a2bab08f9,b,b,[ 55  43  54 160  15]
e48cb6ad-1629-4107-befb-7f2c3ce4e65d,b,a,[148 156 155 157  53]
0d78111b-103a-4b6e-a285-4d986a712ac8,c,c,[53 52 90 55 42]
61769393-ef00-4764-8b59-622ee660b1cb,b,b,[ 55  67  32  44 185]
973a3e15-4456-4ff5-9880-6c7b46d3b13e,a,a,[101 156  42 100  95]
d83d7e84-1ea3-461c-8916-0d519efe092e,c,b,[123 120 134 124 125]
098bb7ce-49fb-457e-a8bd-82a6dc63c060,d,c,[126 128 127   9 118]
95562a0a-504a-42b5-84e4-f28c7cbcfdbc,c,c,[ 42  44 121 127 140]
59eec48a-de28-4440-8c16-b6f5f16e2a8d,b,b,[164  13 110 109 163]
174f7ff6-7d8b-422a-9d9c-58ce375ae7a7,d,d,[173  72  95  69  57]
46e45248-78b8-4d63-b37b-85fea6f18226,c,c,[178 113   1 177   3]
967fb769-c702-4170-8e88-e56d0e06739f,c,c,[184  78  79 183  77]
abc977e6-cdfc-4515-a3ee-791d0a7aa6c1,d,a,[ 13 110 109  16 163]
c2c223e2-36e7-4af5-89b5-6caf6fa0c877,b,b,[169  18  99  64 103]
8d9b6647-62f0-4830-9f4a-babf48e22e71,d,a,[72 70 69 34 58]
f10a577a-5389-4953-a3c3-2e486d21adba,a,a,[  1 113 177   3 112]
273ed74c-6547-40f1-9e82-459826e00b6b,c,a,[ 78  79 183  77  69]
a09f9d41-c40f-4b86-b94e-03691a4bd945,c,a,[ 1  3 49 81 42]
9725f89b-da19-4ab0-8aba-f7be3d579bac,b,d,[  6  85 102 103  44]
da695006-b689-41c5-8669-709280b2b57a,b,d,[44 48 79 90  3]
863adfaa-d193-4f89-9925-f07f41333d32,a,a,[70 69 12 11 83]
ad0031a6-d841-441b-9e91-e7657ec586be,a,a,[46 19 94 98  8]
69a9cb00-d44e-43c1-b93d-2d6a9e0614c0,a,a,[71 23 46 90 44]
6d791bd6-7afd-4b9e-ad78-a5fcec662330,d,c,[13 63 14 70 69]
c7634ed9-4ad0-4a3f-aafa-ece3cf612b7d,a,a,[92 79 90 69 17]
026b9168-9749-4ed5-bffc-cc972079a0d9,d,a,[ 83  84  61 107  60]
38eb7c8c-7d0b-42bf-9a12-bba4d5469129,c,b,[97 52 72 94 53]
ea3a9074-b57e-415c-8626-c17acd6bf6cf,d,d,[61 83 84 60  5]
c0c4fb2f-d06d-44f1-8d68-66153f057509,c,b,[64 81 73 65 74]
4534d8e3-44fc-4f72-9316-59a88ebd9e42,b,b,[ 9 58 56 39 74]
43653af1-207b-4de7-b29c-df5c9e29ead8,c,c,[ 17  59  20 151  80]
bd19b555-7c4a-401e-8033-36658ee6650a,a,b,[ 46 151  17  76  77]
112eeb1b-84d0-47b2-a983-4cb3a0b8287f,b,a,[35 36 52 51 19]
f7083e6c-28fe-4c88-83c8-3f9d07bd7ff2,b,a,[58 74 19 56 70]
52ec42c1-8bcf-4759-ac61-df05238ddc3f,c,b,[111 127  35 151 150]
43436dbb-4b3e-4f1d-a2eb-fa61b16935f8,b,b,[111 127  35 151 150]
f39c5ab8-1ac1-4212-b505-5aed88cbb5dc,a,a,[74 59 22 75 81]
80953f1f-405b-4cd6-8919-06744756773d,c,b,[ 74  58 151  19  70]
f7b31f4b-e088-4a2e-a505-1e3cd7426e9e,d,a,[ 37  38  60 142  88]
d7b6a963-7e3c-4f57-8d95-6a11200e3006,c,b,[150  35  19 149  74]
16f4886c-e2e0-4777-affd-c13f4245b6e2,b,b,[146  85  67  13  61]
0a1ab1fe-7bb5-41bb-913e-fb3554a9c08a,d,d,[153  93  39  90  70]
5192a102-a3fd-4134-9cdb-eb3fd3c2ad89,c,a,[21 81 22 59 82]
42b82377-83d3-4ac2-909f-dd8996b08c1d,c,c,[85 67 14 61 13]
7d41fe64-def7-42a3-997f-5e296a22484a,d,d,[93 39 94 90 63]
6dbbb830-c7ef-4e78-b7ce-fe7fe6406c64,b,a,[53 55 19 78 54]
b3e1f0b5-3268-48c0-8d4d-b2d65e3aa27f,d,a,[12 73 44 72 11]
107f0225-7615-40f2-8372-b4a68b26dbc2,a,a,[ 7 44 39 31 70]
34c6988d-ac16-4fff-8736-2e65de785b39,a,b,[  9  58  56  39 132]
783c8c96-60be-42d5-8d35-925860ab8101,d,a,[ 17  59  20 164 138]
3c476cc8-eec7-4c50-8b5d-02624ce375fd,a,b,[ 46 164  17 134 135]
57154824-9041-47ce-ae17-27b93e7cd1ce,d,a,[35 36 52 51 19]
44c04db4-7f3c-4af9-b1a2-7aebfe0b27c8,c,d,[ 58 132  19  56 128]
26c8dc2f-4853-4b2c-a364-2ce50899a592,d,b,[ 86  35 164 163 132]
0a5a3e25-94fd-4b9b-b952-407387cb9b8a,c,c,[ 86  35 164 163 132]
6070c2c8-123e-466a-8531-e0c353e46872,b,c,[ 72 139 157  70 125]
6defbf8e-0c2e-42f6-99e0-809ec183852e,b,b,[121 123   6  75  56]
3f9ab18a-b296-4626-8ebc-906e1e233112,a,a,[132  59  22 133 139]
df0fb7c3-10f0-47ee-940c-72c57be7bfa5,b,a,[132  58 164  19 128]
63f0c40f-a1c8-4e5d-af0a-37bc2b317185,c,a,[ 37  38  60 155 146]
ae82f82f-f6cb-4467-a7bc-55bcefb640ec,b,b,[163  35 183  19 162]
d72d5e18-1633-48a6-8d01-824992353c91,c,a,[139 140 156  21  22]
4c2d81ce-4d7c-4749-b279-015e54d06032,b,b,[139 140  70  45 104]
204043d9-1e4a-4687-838e-9d6a50103321,d,a,[ 49  50 177 176 148]
6664ebb1-75e6-4e1a-9752-1fad2516c5c7,d,d,[159 143  14   1  42]
29c557de-15e3-43c5-b416-de5d4f1845e5,d,d,[ 40 137 118 138  41]
0034a537-925f-448b-b275-eae07f3d9ae5,d,a,[105  51  44 122 115]
4b803069-7679-411e-8310-d885e6ed1e7d,c,c,[ 76  16  77 103 111]
d0b826d3-9805-416c-a8a8-343ffe1c9098,a,a,[19 18 20  6  5]
f5fbee78-8b66-4ed1-939e-2a53c04f644e,d,a,[ 24  25  87 146  85]
e15e965d-96ff-4780-8cb9-f3b1945cd50e,c,d,[ 24  25  87 146  85]
3315a6fd-fcc2-4101-8766-f6b01d457713,d,d,[129   9 122 109 126]
1dc1cb2f-1daf-4780-bb1d-2484f10387b5,a,a,[135 105  26 106  27]
39e2f857-38f2-47c5-88c2-ee641e8b9615,b,b,[141 113  38  75 114]
5b89afd0-0a1f-471b-a848-93519f8eb376,d,a,[  9 126 122 110 123]
4a06a8de-6b6e-47f7-b180-56b456cba67c,c,a,[ 92 107  93 108  77]
8cae7439-ffad-44ab-b635-e20d2270933c,a,a,[105 106  26  28  27]
a7047cab-ee44-409d-917e-1dddcbed8af7,a,a,[ 68 103  69  65  96]
6d9d885e-b8fd-47c7-9be8-8b3b35561b05,b,a,[113  75  38 114  39]
8a619ddd-0b6d-494b-84ca-e1ba71c43631,d,d,[ 9 10 81 64 67]
029517db-031b-4039-9c93-86eaefd8bd82,a,a,[ 54  13  55 109  87]
f6dbd51f-a87f-4445-b8b3-0d582c1787d2,b,b,[ 57  24  88  69 109]
bf1209ec-2d77-4385-be78-04abfba82f31,a,c,[ 29 109  81  56  67]
f7bf0074-42ae-4527-9355-b5c380906767,a,d,[19 72 71 73  1]
91f0ec98-5f4e-408b-92cd-83a6dc2b1334,d,b,[104  78  16   2 102]
ab2ae798-4c7a-45a1-83f7-316ee17efdaf,d,a,[ 22   1 102  21  18]
a7a72514-257f-427a-90d1-4187b7d883e0,a,d,[94 95 33 96 36]
2435e723-0b26-487b-927c-9fabc070b2b0,d,c,[ 24  61  60 100  23]
c184227e-848c-4bb4-b6e0-04be947a6b5f,d,d,[  5 103  37  87  39]
4a1d9313-7e19-446d-b3fa-47f7e7b06b90,c,d,[ 37 105  45   3  19]
4ac71884-e83c-45b7-9d8b-bd174a42d0cb,a,b,[96 17 19  1 42]
205350bb-ab40-4f9a-bcb4-a25cdd61c214,d,b,[ 4 19 10 17 43]
2ad26a7d-6a5a-499a-8ad2-0f10b7e47b22,c,c,[100  52 104 101  48]
bb7cf8c9-546c-4876-92de-7cddedadc66c,d,a,[100  52 104 101  48]
1d914339-dec5-4e6d-90e2-881c5ca505fc,a,b,[ 10 102   9   4  84]
3d55e422-b2c5-45e2-be17-2d0acb6a11bf,b,b,[68 42 45 69 43]
601809ba-7dd2-4f5f-b888-4a5dd9d55ae0,d,d,[96 94  3 76 81]
87f464be-7b62-4a6b-abf2-bb6336e76136,c,a,[94 81 19 76  3]
526a7682-8adb-462d-bef8-27fb3b833899,a,a,[83 66 32 63 65]
af5dd02f-3fa3-4d31-9717-b36e2b5b2862,a,a,[81 52 68 46 83]
aa303aec-d355-4dc2-bae6-116e76aa0863,b,a,[39 37 74  7 40]
e0961881-e2b5-4e54-b370-aa6b4d533df9,c,a,[16 19 45  4 77]
b845a96d-2a02-4307-94ad-9715c393e863,a,a,[ 29  76  89 105  78]
a407573b-f11e-4ae9-afd8-4fdee2b732ef,b,a,[105  74 107  92  89]
bda093fe-9d4b-45a3-81e9-8ebc7bd03336,b,a,[ 53   7 103   1  38]
c35b2768-b368-46d8-98d8-e1b3425918ba,c,a,[88 64 87 19 90]
c2bcd7cb-2a3c-4318-bb92-7fc102da9b69,b,b,[21 46 13 47 11]
f338ddc8-f9a8-4744-b41a-39187a428e4c,d,c,[  5 144  37 128  39]
94dd239b-538f-456d-8288-9973a0f28d1b,d,c,[ 37 146  45   3  19]
53a3567c-de36-4e8d-8394-42ac14055b28,a,d,[137  17  19   1  42]
ad77128c-1add-4a9a-a2cb-4298db284720,d,a,[ 4 19 10 17 43]
9ac098cd-a109-412a-ad1a-ad90f2f8a6d3,b,a,[ 97 103 179 100 162]
59eb073a-174e-4115-aa22-b40eb447b1a2,d,a,[ 97 103 179 100 162]
703e0b7b-103f-49fe-ad78-02f9ac6be46e,c,a,[ 10 143   9   4 125]
84b7867f-531e-44bf-8d44-b5ddff5809d0,c,c,[ 89 100  88  96 145]
06688162-3951-4dad-b5d2-58bc06cad3ff,a,d,[100 161 179  82  74]
f0f1c22f-ab86-4d6f-a017-6cdb7f5e88f4,d,d,[109  42  45 110  43]
1ad2cae4-0111-48b7-8737-48757d5bd73a,d,c,[146 128  37  42 144]
5e856191-b76f-47ec-b5a4-f04893d8a313,a,a,[113   4  51 115 114]
ddfcb0a4-e359-48ef-8aa5-ad8114c33e24,a,c,[135 138  90  93  80]
d5793edd-353a-4693-97f8-3e62ff136a58,c,a,[94 95 86 47 46]
e8a47456-4f95-4230-9a98-0abd824dc3cb,b,a,[104 106  25  99 165]
e3f5e3eb-81b1-4095-a268-b8768eacf667,b,b,[167 165 166 168  78]
d42599d1-a1b3-4565-9f93-5b100f11da13,d,c,[154 153   7 120 121]
aeeb1507-1fed-4d48-82b1-583d9251f07a,a,d,[ 89  19   4 146  18]
e294a388-1896-46e0-86bb-38e879989b87,b,a,[177  39  83  82  50]
34737b01-85e0-4d41-bed6-5845ec2df199,d,a,[  7  36 145  72  33]
948ab76b-ba84-4c3b-8683-3d2d9f10283d,c,a,[ 96  97 144 183  57]
fa985a3e-86fc-4f28-9364-e21597e8017a,a,b,[164  94  90  36 146]
3ce11d11-1daf-4765-96da-67f46f612496,a,a,[94 36 90 95 28]
2d55abab-7e65-448c-9471-8a92eef7434d,b,b,[166  35 164 124 103]
acd34913-8363-4059-88c9-f1ff489933b8,c,c,[142 143 183  64 107]
db54120f-06b7-487d-bff3-ac8f8968a060,d,a,[154 153   7 120 121]
2c85c2a6-07ec-4ab1-92cc-06dc775f4fe8,d,b,[ 89  19   4 146  18]
db7283be-ad68-479c-8550-a70511133cb9,c,b,[177  39  83  82  50]
ea7f40eb-ab63-4506-83b0-aa2653b59c6c,c,a,[  7  36 145  72  33]
bb3b169c-68f3-4149-a016-643fa7cc8a05,c,a,[ 96  97 144 183  57]
a9d57942-e8ab-4da3-8d7c-215e6fc4f72c,b,b,[164  94  90  36 146]
789f0d73-3011-4855-9fae-308b12d9379c,a,a,[94 36 90 95 28]
4ad48203-acf4-40ff-a51c-32ab8699a875,b,a,[166  35 164 124 103]
5192ed85-2542-4790-b36b-3c6ac081289a,b,a,[142 143 183  64 107]
bb075cda-e99d-407a-aa00-2f35582956af,a,a,[  1 137  79  11   9]
edd4d529-a742-4857-a68f-d7629a45cfbe,a,d,[ 62 146  38   4  25]
fc1a78bf-2745-40d8-b6d6-99cb2eb3a688,b,b,[13 46 23 62 25]
1d0b9872-83cf-46f0-9f3c-9f78d83ea8c1,c,a,[ 83  73  52  62 139]
986bf2ed-62a8-4009-a2ce-897b9f9617b2,a,b,[ 50  74  53  52 151]
a3ca851e-aed8-4567-a3aa-a8cfb1434b34,b,a,[ 13  14   2  22 137]
7b9b21cf-c225-46ea-8e38-0d827a0152bb,b,a,[55 31 83 61 34]
551f1c93-5edc-4053-8449-e9cf41f5a40a,c,a,[ 95  60 111 136 123]
7929ddc3-cd4e-4090-8e8c-a3a796de0659,b,b,[ 92  93  98 103  88]
96c59ef8-9667-4acb-960e-7a287ac41276,a,a,[93 92 61 51 18]
cd8f66f9-1da2-47c0-8a26-4cfbd29fc593,c,c,[149  56  62  41  77]
27ea48b1-f44c-4681-a0db-a3d8c7a86516,d,d,[79 65 13 66  1]
ce97ff5a-bf42-4ce7-9d88-a0bebb625119,c,a,[ 61  16 139  68  59]
74932e74-8085-414d-9b7f-5746d4ea2ac9,b,a,[56 77 62 83 39]
46d52b93-3dea-4db6-a168-8cd9e2f7e37c,d,d,[62 41 52 17 50]
d6d4a4e8-96c4-4b72-bdd3-204b44ec1826,b,b,[ 1 94 79 11  9]
41ccce74-d8ca-4a65-8c13-dbfdce953d32,d,a,[ 62 103  38   4  25]
7f7c4177-a11b-4a29-add6-b78ff733799c,c,c,[13 46 23 62 25]
0178026c-bec6-4728-aae7-612b8b43ec50,c,b,[83 73 52 62 96]
7fa150c3-c80b-446f-9c1e-8d786fda2d35,a,c,[ 50  74  53  52 108]
28200b70-034f-4c0c-bde7-21754136740d,d,a,[13 14  2 22 94]
5e576cc9-d661-439a-aa8a-4390e4d17cad,d,a,[55 31 83 61 34]
98072a00-4f4f-4a08-a380-6b6cf46b4774,a,a,[118  60 134  93 146]
c1d23911-03b0-4cf0-be14-c433057f42ba,a,a,[88 62 44 60 13]
9829acff-ccf7-419f-9564-12e7eb887354,c,a,[68 72 62 52 95]
0441a1ba-0d67-47a1-a910-00306910a6e3,b,a,[ 59  86  56  83 146]
fcfde00b-be10-4c52-922d-85cf7ae9f556,b,a,[ 31 104  34  27  57]
11102cd9-63fe-4eed-9e76-3416c176bcfa,c,b,[ 1 23  3 72  2]
e6de60c5-51a2-4d1d-8dd1-1a7342a8ccd9,d,c,[84 11 48 34 50]
c0d8eb9c-0a8a-47a0-a2bc-2f6e5724d33a,a,b,[22 18 17 20 21]
14f4861a-612b-462b-9b6b-2d9f0f903be3,b,a,[123 125  44  32  45]
f0147ccb-bc31-4c48-a31b-b93cef0681ba,d,a,[106 107  52  93  79]
b28658ae-cd47-42ad-a803-701870a46349,c,c,[ 98  38  97  76 125]
9a2412fe-997a-4742-b8bf-7184142febf8,a,a,[ 21  22  79 104  31]
c93e738d-6c17-4e45-9a51-23c3b57b1c58,a,a,[112  10  81  83  82]
6ce5781d-0d4f-44ea-a5dc-bcc92e170023,b,b,[123  87  55  38   1]
f9470ab7-0cf8-41b9-8c28-5e59b56b52cd,c,a,[ 8 34  9 79 11]
18a6e2f5-460f-4fdf-a987-82364fb0ba81,a,a,[ 47  79 103 102  26]
fc1efddc-3e19-41f1-b4a9-1312ed6d9057,b,a,[ 10  81  83 111  82]
e35caa23-d8d2-47bf-8b2e-38c1f2520491,b,a,[117 106   9  99  34]
5b303337-33a7-45c1-99a0-83ce1b37172c,c,a,[38 87 45 55 13]
1856f94d-08f2-427e-b7cb-19705c5bd840,c,b,[ 1 23  3 72  2]
d7d819ae-248f-4adb-b506-0c647d128940,b,b,[84 11 48 34 50]
ff92b10b-5eaa-4cc7-8a97-2e392059a52a,a,b,[22 18 17 20 21]
e432666f-1c45-4591-9fad-a29a05133577,b,a,[123 125  44  32  45]
e01a1ac3-9a98-4af2-83ef-8336edff80ab,b,d,[106 107  52  93  79]
4e673ae2-aedb-4e12-83c9-9cb17e6b2711,c,c,[ 98  38  97  76 125]
a5bb8751-3354-4c46-b0f4-dad1ea7f6c62,b,b,[ 21  22  79 104  31]
e7c4589a-6e44-499b-b485-77e6cf018933,a,a,[112  10  81  83  82]
bd3c34d6-052b-497e-a126-a84e5276af9f,a,a,[123  87  55  38   1]
75e99797-bce8-44c9-a804-eaee941b1dcf,a,a,[ 8 34  9 79 11]
f670ab41-b708-49bb-8201-8ceb79d78b9d,d,a,[ 47  79 103 102  26]
f4fb2664-6d59-4b36-ae63-546e1bbf7ee7,a,a,[ 10  81  83 111  82]
fb9e4359-67e5-4024-bb18-16404416ed98,b,a,[117 106   9  99  34]
35a9d1f8-05e5-4a1d-aa1e-1c9615b02f80,a,a,[38 87 45 55 13]
a50b632b-155c-405b-ba1a-9e43fccf0a8b,a,a,[  5 110  22  91  32]
bd39c6a3-3ebb-4f12-a9b5-f690ebdf5bca,a,a,[ 13  14  16 100  17]
350e033e-eea9-48ac-ac7b-bad63241ced1,b,b,[100  31  32 103   5]
8dbe465c-85ad-4663-a517-da7b86418cde,c,a,[ 26  23 102 105  51]
085877aa-219d-471e-b604-e251d3249968,a,b,[107 105  92  32  51]
d5df0faf-8271-4b11-847a-c634d028139e,b,a,[99 57 22 62 19]
127fe595-7428-49a2-acda-69b878ab2c5f,b,b,[ 51  53 105  44 107]
64e6edb1-2675-4bec-bac5-ac3cffb7a36c,c,a,[48 15 81 49 18]
b608b654-2f32-4271-b4ec-6e5e4e8cf1e2,b,a,[104  60  50  27  46]
8b7d1285-8b25-40cd-9ca8-e6347bfe746a,a,a,[73 23 94 71 62]
fdef7f8c-7f59-49d8-be9b-b6c4222c40e5,c,c,[60 53 27 50 51]
a85733de-750e-4457-889a-f9016e01d237,d,a,[38 65 99 36 64]
1cd2d37b-de1b-4775-a063-d4543d602d3d,c,a,[73  5 98 56 29]
a0462baa-c0c8-4706-8a4e-008d1fca789b,a,a,[  5 110  22  91  32]
a96a528a-b2c6-4da4-bf79-c606314cc057,b,b,[ 13  14  16 100  17]
73e8d675-06f9-4452-971e-03d837195d01,a,a,[100  31  32 103   5]
91daf2b4-5872-4425-a99a-5d4cb56595ba,a,b,[ 26  23 102 105  51]
32fae586-e53b-4dae-b8d3-d7c8e930ff56,d,a,[107 105  92  32  51]
8c6f3412-d822-4131-9a51-184e6da3f476,d,a,[99 57 22 62 19]
842a2ce2-9f8e-4fb3-af0f-0c4790418892,a,a,[ 51  53 105  44 107]
17fcd044-0c7f-4e2a-8932-59d7c3fbf287,d,a,[48 15 81 49 18]
61443554-5758-40fd-9546-9fb3eec67c64,b,a,[104  60  50  27  46]
3bf72ac4-729e-49b0-ac4f-944a5ac1a0c1,d,d,[73 23 94 71 62]
a99dc786-3ffd-4470-b2aa-8b2980486f06,c,a,[60 53 27 50 51]
8528894e-b57d-4053-9f5d-e1d9f8bfa419,c,b,[38 65 99 36 64]
1fd70246-21b9-4386-adfc-f570216130bf,a,a,[73  5 98 56 29]
15a4aa2c-5e63-41a9-8ab4-a20db4760781,a,b,[ 11   3 190 105 104]
7f8add19-4847-455b-b8a7-df79a9acd5a5,b,b,[ 65  64 189  80 188]
adc105c8-02cd-4e66-88c0-68968035398f,c,b,[ 65  80 113  64 200]
0ca1e553-4d81-4848-983a-484769b53d0b,a,a,[114  67  18  74  98]
74abe13d-d4f9-4b4b-8d9e-94464d08a636,b,a,[108  80 202 200   4]
1665b30d-0725-424a-bc49-5f938f42fd6b,b,a,[ 59  60 180 200  65]
ce8e9ca3-761d-4e57-ba31-43d1398259dc,c,a,[65  8 80  9 64]
89a5b2d8-8c1f-4f31-b71d-cf4f571b7226,b,a,[ 60   4  59 180  72]
5154ef9f-5809-4cec-98af-36d6fd9b11a7,a,a,[183 102  44 103  23]
4ca39433-1e20-41f7-afcc-e5dc7db41d6f,c,a,[188  65  64  80  74]
7b440df1-f316-4e04-9188-c9833b30b8db,d,d,[192  31  45  85  23]
37eef83c-8772-463f-847a-07d9f0500bbf,c,c,[ 94 102  23  96  39]
0ce73ba6-2ea4-4b01-9693-6910dc22ad74,b,d,[102 103  44  23  55]
c9fda643-762e-426a-8079-cffcd98c3fe5,d,a,[80 65 64 74 70]
65bb82b6-1ad9-44f5-8df1-1716467aca2c,c,a,[ 31 106  45  85  23]
5bad1f63-a222-41ee-af92-3ffcb0610c45,c,c,[ 19  80  81 108  11]
8e77a1eb-94be-451f-8c6e-db50537a602e,d,c,[ 11   3 190 166 165]
dc00d13c-e73c-4b2e-9d9f-91efa3dd22f9,a,a,[ 65  64 189  80 188]
f9a80fab-b8e6-4522-8484-0752aa2bc7aa,d,c,[ 65  80 174  64 200]
ff9cb595-a574-4391-a958-a887319179f5,b,b,[175  67  18  74 159]
da4a4328-ed46-4c41-b7fa-650542a48ccc,d,a,[169  80 202 200   4]
3e4cc77a-0434-4dd4-a89a-de7c34c5826e,c,a,[ 59  60 180 200  65]
b4a5fcbd-e1be-4679-8bd5-92f9374c171c,c,a,[65  8 80  9 64]
bfdd75b3-09ff-461e-a3f4-3607bf571966,a,a,[ 60   4  59 180  72]
9d72b3bb-e43d-4ec0-899d-42c269a46fd2,d,d,[183 163  44 164  23]
aa07fafd-24e4-4d58-b765-1ff579136559,d,a,[188  65  64  80  74]
588577d8-7ceb-411d-8acf-eb911619bc8e,a,a,[192  31  45  85  23]
9777f57b-c6a4-48c0-8850-7e3637f47867,a,a,[155 163  23 157  39]
8659e747-044a-47fa-a410-f5be842f4f7c,c,c,[163 164  44  23  55]
262dad1a-fee3-45ce-8014-f2f152076c3d,b,a,[80 65 64 74 70]
609d3e48-48b8-4cfd-bb2c-7d242d97144f,b,a,[ 31 167  45  85  23]
3e613d48-6538-43c5-87a1-9c4a142df571,a,a,[ 19  80  81 169  11]
b9ef94f1-b737-4fff-b6c0-2e72255f7e26,b,b,[ 5 57 11 58 30]
b4f5871e-6128-42d4-9d71-f7ef952fc3dd,c,c,[ 42  43  19 177  69]
15153299-ad3a-477e-8eee-29f95de9f0d9,b,a,[ 47 169  37 142  42]
6c23d10f-f2d3-4d3b-aa92-4cb67ac52c3e,a,a,[ 47 169  37 142  42]
d2cb516a-0868-4332-93d9-64e6e73f4450,c,b,[ 42  43  20  19 177]
a1069348-3778-4d08-ae72-fccf8ac23a0f,d,d,[ 42  43  69  19 177]
51d9fdba-9e05-411f-a933-a30c561e4a57,c,b,[ 52  60  62 163  66]
2aeaf04c-5dbb-4631-9453-9d55438e7e24,b,a,[158  52  61  72  51]
edcae48c-d5f6-4aba-9aae-d6946ded8ad8,d,c,[ 74  76  75  77 153]
d3a4e999-b4c7-4a45-aa8a-c79f17f11b39,c,c,[77 76 78 74 75]
b536a2fe-fece-4b88-8299-7431da64194a,c,b,[129 127 121 145 117]
3ce8e64d-fbe4-429a-b403-56f893f0c065,d,a,[129 130 151 162 117]
afb21079-ddc7-48e8-b280-d08d1e01dc50,b,b,[160  38  63 155  39]
b0dc6adf-9f55-4acd-a8f4-55fb55a5f9e9,d,d,[164  15  19  65  17]
4537a81c-a44f-49b9-aa76-a04dbd1118b2,a,a,[178  55  56   4  65]
9a913460-4575-43eb-97c8-5b75bcc529f2,c,a,[ 38  63  39 155  64]
0d47c704-6ad5-4587-8fdf-d6418a428ded,c,a,[15 19 16 18 65]
1aa9fb49-9af5-4097-9d26-d03a8be9d4d8,c,d,[  7  53 158  63  38]
f8310608-cd01-4b07-8438-528ca78174f9,c,c,[ 36 169  53   8  46]
845b91bc-8cd5-451d-a6fe-dd2b176e5758,a,a,[ 67  68  40  66 173]
827b4d7e-4a87-4500-8399-9ea7e01c6ff1,d,d,[ 56  55   4  33 169]
9f8abbfe-84a6-4761-b791-f1d6e9763ffc,c,c,[  5  57 151  11  58]
87cfa0aa-b318-4b34-8fc5-545fd51e734c,d,c,[42 43 19 93 69]
f60ea749-0577-409d-ac52-5fbbdbb5d983,c,b,[157 156  47 187  85]
e0f78337-f591-4d13-9db2-368a0a9facd3,b,b,[157 156  47 187  85]
7f52c9fa-1023-4c89-a7b1-3f99a838e8a2,b,b,[42 43 20 19 93]
9b5d8c65-f439-47da-a21b-f05743cba515,a,a,[42 43 69 19 93]
d7fa502c-7f82-41a6-96f6-09e6d2c0f226,b,a,[52 60 62 79 66]
f36d7363-e2c5-4b84-8c08-f5910f5a58a0,c,a,[74 52 61 72 51]
fa4ad54b-18f7-41f7-b596-a2606959aef2,b,b,[38 64 42  2 24]
d3cf97c8-4698-49d0-bc39-25cdc856f295,c,b,[79 65 74 51  4]
5cc4f974-9afb-42f9-be6a-5453d317c7bc,b,b,[119 117 111 135 107]
27ad7552-b0e8-440b-b0e1-19c3c216e36a,d,c,[119 120 141  78 107]
c0af6d57-9c9e-4c7a-ab49-58694a315162,c,b,[76 60 59 56 12]
f6cb61c7-b41d-4c26-8100-f0de3451cae4,d,c,[224 130   8  78  30]
9161909e-12fd-45a3-8c83-c852490945f8,a,a,[213  61  66  53  41]
b6ce6468-a569-437b-a5c2-b3d9575c9763,b,b,[ 29  35  62 114 220]
af67ab1b-1701-4313-95dd-184ee080fca1,d,a,[  5   6 107 223  77]
f817828d-7bed-46a0-806b-2fd7cedfb7af,c,b,[ 93  94 225 221 103]
3e9b1cc4-dfde-413b-8966-85308430fc5d,a,a,[225  41  87  73  93]
8775476d-8b8a-4534-98c7-88c34da48b64,a,a,[231  43  21  44  22]
a0a864d0-1262-48b9-a77f-956e2bffd761,b,b,[235  79  15 109  80]
932a77e4-2654-415b-9692-32d527ecb10e,c,c,[85 71  6 59 93]
e3ee6ae7-78c2-4ad4-b0f0-37fcec17cd7e,a,a,[12 76 73 93 59]
7b638718-497e-46e4-ae40-26ab3b77ff03,b,a,[43 44 21 22 53]
0439324c-7152-40fd-9092-1fb29983bcf3,b,a,[ 79  15  80  16 109]
ef856a81-e777-416e-bb23-5c518aa0f73b,a,b,[76 60 59 56 12]
4b742ee7-077d-4cce-9c27-51dfe81fcdc4,a,a,[100   8  78  30  77]
a30c10c5-145a-49b0-b3d5-1479bf3c6797,a,a,[89 61 66 53 41]
0da0120b-8c58-4cd4-a5bc-7acaf71740ba,d,b,[154  29  35  62 142]
df1778bf-bc0a-4679-ad94-914a13529242,a,b,[ 5  6 99 77 18]
7cb7b1c0-4a29-4ab3-9f38-e41243ec50dd,b,b,[97 98 30 29 55]
e86a1aad-0117-4021-9c68-f923f4111d5f,a,a,[93 25 51 94 26]
aae3e12c-fce9-4a8b-bb43-3623b2c2e1e3,a,a,[71 72 27 31 29]
8d52f6de-0bc5-4cac-8873-ca57060186b3,d,c,[115 117 118 158 159]
ced344f8-d07a-458f-bebe-131e8e7a6b88,d,c,[141   5  53  55  97]
ec9c7628-9919-4234-b7b8-b90eda49cec5,d,a,[  8  99  60  61 127]
889bbfe8-e274-47cd-8807-a5f93654c6a6,d,b,[39 88  1 40 42]
2747972e-07b2-461d-9acb-a8495bfef4c2,d,a,[ 50 137  51  13  75]
ffe01d3c-de5c-4c67-b2db-e4983dfc6abc,c,b,[ 90 110 111 121 113]
d2c42ca1-5b3a-48b4-b3cc-ea27b9bed8e3,a,a,[90 91 88 79 81]
cf90fc6f-b92e-47e1-88cc-8b8cefffdb89,d,d,[135  73  17  74  18]
4e2111be-1c29-4a8e-b9cb-a6ab437f3276,c,b,[139  62  63  83  77]
cbbb9592-afe3-4d38-ab6c-02e974da712f,d,d,[149  56  67  81  23]
b4fd279e-e420-49fd-b089-399c54400430,a,a,[73 74 17 18 49]
72cb814c-aa52-4f39-a647-24aec1e3037c,b,d,[62 63 97 77 61]
1e98da37-83ad-478c-9c15-6247fafac65c,d,d,[52 79  1  7 36]
d5486c87-e115-4da9-83f4-b8fef2bb5a80,c,a,[56 58 19 59 83]
aa30e98f-93a4-4456-8924-a69f13416b89,a,a,[56 67 23 81 21]
31438e87-4b4c-45eb-b3af-065bc8e06789,a,a,[  8 122  60  61 150]
cb6ac767-818a-4298-98d0-ef0f5c70bde0,d,a,[ 39 111   1  40  42]
3023ac34-ea32-4b08-a339-12c8139c5c8a,d,b,[50 94 51 13 75]
1837d1a9-0a9b-49ad-b65a-d862c631d523,d,a,[18 73 17 93 74]
83dd91dc-0758-4159-8f6f-da0ee04d864f,d,a,[68 69 62 24 23]
7d35c867-43e3-4456-afd9-22a76b136162,d,a,[  4  36   3 165 177]
8a432a27-3c39-426f-a853-fe8f8b3c5c41,c,c,[ 44  45 178  69  22]
26d79f5e-e405-45f6-add6-723bc0031dbb,b,b,[ 29  54  52  53 131]
9479c28f-611b-4da1-beb5-a2d8f496f85d,a,a,[27 62 63 30 11]
a2543130-a95f-4bb4-877f-0d82314abfa3,c,a,[ 92  30  27 120 125]
87bfcfed-984b-4eaa-ae31-99300eefa3c2,c,d,[ 92  30  27 120 125]
9af8a326-7675-42e0-861f-d99f2e28be46,d,d,[179 177  46  25 125]
78ebcdd3-c419-4777-be35-ab836f645b9e,b,b,[ 44  45  47 178  25]
50577261-33b6-4648-aa14-aa2b6e0523ac,d,d,[ 94 128 110  96 154]
ceaba7cf-7f7d-4bbb-9927-fdb1af713fc4,a,b,[100 108 150  94 101]
431e1c24-b09a-4bc4-b6d0-32e7c0631353,c,b,[110 111 150 109  97]
2f795c6f-e04f-4af0-8ff4-feff57e54a48,b,b,[110 111  94 104 150]
c4e7795b-6bf2-4a87-af16-37ecb451c11b,c,a,[109 100 108 101 131]
1743e9cb-de16-4ea8-80cf-fef97a8b2259,c,c,[ 98 139 145 100  99]
66a0d1b3-a55f-46e0-bc57-bbfa67601bf6,a,a,[133 144  86 109 105]
f940f3ad-a774-4d7d-9c93-daa40c7bb813,d,d,[164   7  11   3   5]
9468e5ca-c4a5-4ef7-9ac0-abc13731d5f8,d,d,[166   7  45 164  44]
76784e79-f9b7-4b10-bce6-aea041887ac8,d,d,[170  49  87  51  88]
0e4d1863-8616-4536-90f6-e5abc8d35fd8,d,b,[174  83  53 168  52]
9bd1d91f-d7a5-47b5-a9bc-93a3bc35c4cd,c,a,[  7 163   5  11   3]
525d8a11-ff5c-4bbf-b83b-4a9822ddedb9,c,a,[  7  45   8 164  44]
9eba5fc3-08dd-4672-8bcb-55b51f2fd223,c,c,[49 87 51 88 23]
1cc0c629-0a6f-41fd-8cd5-2d94253f51ad,b,b,[ 83  53  82  52 168]
812136b4-01d7-40d9-87f0-9608db5a2f1d,a,a,[69 13 70 15 16]
bdc22325-20bb-4bef-b9c1-9615c0d68e60,c,c,[  4  36   3  97 109]
32fb0781-a149-4a83-b346-467e88f81710,b,d,[ 44  45 110  69  22]
194ce23e-d6d7-46f9-99b0-a0eba223a0ee,d,a,[ 29  54  52  53 154]
a64ba818-abee-404e-9a38-f440b74bcca7,b,a,[27 62 63 30 11]
cb4799ed-15e8-4dda-a716-b81fa1d6d9da,d,a,[115  30  27 143 148]
9ff4dd4a-ccf0-4b18-bd9c-a2058bc1d960,c,c,[115  30  27 143 148]
2575c3c6-5061-4db3-ba98-f33e1280f48f,b,b,[111 109  46  25 148]
8be28bb6-049f-4735-8957-a15234c138f4,a,a,[ 44  45  47 110  25]
33755e8c-b501-4c53-ae56-d91bf60477f7,b,b,[ 36  85 109  63 124]
a4fb24e8-6b06-4398-a0b0-e75b65328053,a,a,[83 84 64 85 11]
96ee1e54-044a-4313-b091-5ef3b7b218f9,b,b,[ 22  38  84 107 154]
f34cb168-97ab-4b89-92c6-9ff84bd3c5e1,d,b,[117 151 133 119 177]
36441aa3-67a2-469e-8e9e-e21073e2a5d3,c,b,[123 131 173 117 124]
e1c4c709-982c-4158-bb30-77360c6767e3,d,d,[153 134 143 147 133]
83e7b851-a9c3-4391-9c37-b9942ccfacd4,c,c,[158 153 143 147 139]
1a81e1c6-adb8-4187-9ecf-d95afc0e81ad,b,a,[121 123 119 131 122]
ad56eb3c-d190-4974-830a-d4e91d395402,a,a,[141 157 123 142 117]
78d544c0-e6f5-479f-b27b-a4b3d7b590a7,c,c,[153 160 143  64 147]
d766ed84-99de-42b4-9458-2c8fc449b1f6,b,b,[123 131 117 157 118]
